train_loss_step,epoch,step,val_loss,train_loss_epoch
73.30311584472656,0,0,,
70.11953735351562,0,1,,
69.11881256103516,0,2,,
66.4368896484375,0,3,,
60.83742141723633,0,4,,
61.61339569091797,0,5,,
61.708072662353516,0,6,,
58.74061584472656,0,7,,
56.37213897705078,0,8,,
59.03435134887695,0,9,,
57.55763244628906,0,10,,
55.84440612792969,0,11,,
55.710201263427734,0,12,,
54.55917739868164,0,13,,
55.520103454589844,0,14,,
55.48212432861328,0,15,,
54.958961486816406,0,16,,
53.738067626953125,0,17,,
55.145751953125,0,18,,
55.61221694946289,0,19,,
54.30539321899414,0,20,,
53.43278884887695,0,21,,
53.00509262084961,0,22,,
54.993080139160156,0,23,,
52.37932586669922,0,24,,
52.567684173583984,0,25,,
52.31357192993164,0,26,,
51.92424774169922,0,27,,
52.129676818847656,0,28,,
51.65960693359375,0,29,,
50.49150085449219,0,30,,
49.813053131103516,0,31,,
50.591819763183594,0,32,,
50.71535873413086,0,33,,
50.09684753417969,0,34,,
47.66724395751953,0,35,,
46.91264343261719,0,36,,
46.65463638305664,0,37,,
44.29966735839844,0,38,,
42.81734085083008,0,39,,
36.91740417480469,0,40,,
37.85597229003906,0,41,,
30.63938331604004,0,42,,
35.8826904296875,0,43,,
35.20132064819336,0,44,,
32.61607360839844,0,45,,
28.49247932434082,0,46,,
34.60320281982422,0,47,,
27.364471435546875,0,48,,
32.20196533203125,0,49,,
33.11958312988281,0,50,,
32.058345794677734,0,51,,
25.449506759643555,0,52,,
29.886842727661133,0,53,,
33.5547981262207,0,54,,
25.596492767333984,0,55,,
27.84454917907715,0,56,,
28.782344818115234,0,57,,
27.680511474609375,0,58,,
24.38654327392578,0,59,,
26.00394630432129,0,60,,
25.58213233947754,0,61,,
24.09906578063965,0,62,,
,0,62,23.368389129638672,
,0,62,,46.14325714111328
24.57670021057129,1,63,,
25.04378890991211,1,64,,
25.006532669067383,1,65,,
23.303611755371094,1,66,,
23.24982452392578,1,67,,
22.792526245117188,1,68,,
23.92302703857422,1,69,,
25.01243019104004,1,70,,
25.52919578552246,1,71,,
20.140092849731445,1,72,,
19.555652618408203,1,73,,
21.236825942993164,1,74,,
18.481521606445312,1,75,,
20.351015090942383,1,76,,
19.7858943939209,1,77,,
20.86186981201172,1,78,,
18.901142120361328,1,79,,
17.709062576293945,1,80,,
19.0351505279541,1,81,,
19.961896896362305,1,82,,
19.457904815673828,1,83,,
19.202754974365234,1,84,,
19.12071418762207,1,85,,
18.71422576904297,1,86,,
17.567466735839844,1,87,,
18.228832244873047,1,88,,
18.006072998046875,1,89,,
21.355422973632812,1,90,,
18.426721572875977,1,91,,
17.728986740112305,1,92,,
19.016054153442383,1,93,,
18.029624938964844,1,94,,
16.390830993652344,1,95,,
18.492433547973633,1,96,,
18.50178337097168,1,97,,
17.597667694091797,1,98,,
18.652605056762695,1,99,,
17.364097595214844,1,100,,
19.260753631591797,1,101,,
20.04104995727539,1,102,,
19.196582794189453,1,103,,
17.384061813354492,1,104,,
20.23893165588379,1,105,,
17.78493881225586,1,106,,
17.42573356628418,1,107,,
19.959041595458984,1,108,,
19.20347023010254,1,109,,
15.832507133483887,1,110,,
17.5062313079834,1,111,,
18.22281265258789,1,112,,
17.82927894592285,1,113,,
18.12294578552246,1,114,,
18.16066551208496,1,115,,
17.308149337768555,1,116,,
18.19068145751953,1,117,,
19.03152847290039,1,118,,
16.964750289916992,1,119,,
19.18012809753418,1,120,,
18.77076530456543,1,121,,
17.923524856567383,1,122,,
17.717771530151367,1,123,,
15.928282737731934,1,124,,
16.234628677368164,1,125,,
,1,125,16.172760009765625,
,1,125,,19.385820388793945
16.26230239868164,2,126,,
17.03636932373047,2,127,,
16.091169357299805,2,128,,
16.030948638916016,2,129,,
15.28546142578125,2,130,,
17.07131004333496,2,131,,
15.478259086608887,2,132,,
15.612208366394043,2,133,,
17.26461410522461,2,134,,
14.22684383392334,2,135,,
15.254233360290527,2,136,,
14.377325057983398,2,137,,
17.455982208251953,2,138,,
13.912960052490234,2,139,,
16.194643020629883,2,140,,
13.621794700622559,2,141,,
15.657341957092285,2,142,,
15.607707023620605,2,143,,
13.476383209228516,2,144,,
14.822732925415039,2,145,,
14.612367630004883,2,146,,
13.631420135498047,2,147,,
14.728585243225098,2,148,,
15.053729057312012,2,149,,
12.607903480529785,2,150,,
15.126401901245117,2,151,,
12.320189476013184,2,152,,
13.913947105407715,2,153,,
13.924324035644531,2,154,,
13.48940372467041,2,155,,
12.45267105102539,2,156,,
13.81796646118164,2,157,,
12.531159400939941,2,158,,
14.20812702178955,2,159,,
13.515217781066895,2,160,,
14.438188552856445,2,161,,
13.5935697555542,2,162,,
15.414556503295898,2,163,,
13.153566360473633,2,164,,
13.449665069580078,2,165,,
14.001715660095215,2,166,,
13.196492195129395,2,167,,
11.88573169708252,2,168,,
13.711161613464355,2,169,,
10.766975402832031,2,170,,
11.509916305541992,2,171,,
11.846670150756836,2,172,,
11.218088150024414,2,173,,
11.010222434997559,2,174,,
12.748520851135254,2,175,,
11.164408683776855,2,176,,
13.557666778564453,2,177,,
12.551591873168945,2,178,,
11.7612886428833,2,179,,
12.223938941955566,2,180,,
12.432621002197266,2,181,,
10.601661682128906,2,182,,
12.626341819763184,2,183,,
12.788729667663574,2,184,,
11.307029724121094,2,185,,
11.06952953338623,2,186,,
11.332565307617188,2,187,,
11.129986763000488,2,188,,
,2,188,10.942109107971191,
,2,188,,13.721624374389648
10.454428672790527,3,189,,
11.101632118225098,3,190,,
10.045605659484863,3,191,,
12.324226379394531,3,192,,
12.629939079284668,3,193,,
10.829217910766602,3,194,,
12.20980453491211,3,195,,
9.382366180419922,3,196,,
9.951586723327637,3,197,,
10.547001838684082,3,198,,
10.15742015838623,3,199,,
11.345754623413086,3,200,,
10.184985160827637,3,201,,
10.795218467712402,3,202,,
9.447660446166992,3,203,,
9.721808433532715,3,204,,
9.270075798034668,3,205,,
10.185582160949707,3,206,,
9.540520668029785,3,207,,
8.804728507995605,3,208,,
9.590593338012695,3,209,,
9.588921546936035,3,210,,
10.500115394592285,3,211,,
9.713438034057617,3,212,,
9.860062599182129,3,213,,
9.816818237304688,3,214,,
10.362757682800293,3,215,,
8.36940860748291,3,216,,
9.090271949768066,3,217,,
8.984882354736328,3,218,,
8.592009544372559,3,219,,
8.011869430541992,3,220,,
10.040078163146973,3,221,,
8.33886432647705,3,222,,
9.056356430053711,3,223,,
8.219870567321777,3,224,,
9.925003051757812,3,225,,
8.527854919433594,3,226,,
8.389899253845215,3,227,,
8.866915702819824,3,228,,
9.946029663085938,3,229,,
8.781946182250977,3,230,,
8.43613052368164,3,231,,
9.175660133361816,3,232,,
8.951778411865234,3,233,,
9.957847595214844,3,234,,
8.133800506591797,3,235,,
8.990163803100586,3,236,,
7.789275169372559,3,237,,
8.380254745483398,3,238,,
7.965381622314453,3,239,,
8.017948150634766,3,240,,
9.427712440490723,3,241,,
9.787081718444824,3,242,,
8.078832626342773,3,243,,
10.798677444458008,3,244,,
11.50265121459961,3,245,,
10.26675033569336,3,246,,
7.760987758636475,3,247,,
10.382448196411133,3,248,,
10.863277435302734,3,249,,
9.64267635345459,3,250,,
8.716047286987305,3,251,,
,3,251,9.840303421020508,
,3,251,,9.60273551940918
9.106163024902344,4,252,,
8.86844539642334,4,253,,
8.820881843566895,4,254,,
8.93307876586914,4,255,,
9.34444808959961,4,256,,
9.826735496520996,4,257,,
9.464713096618652,4,258,,
9.208133697509766,4,259,,
8.54936695098877,4,260,,
10.253825187683105,4,261,,
10.415204048156738,4,262,,
8.969281196594238,4,263,,
9.565828323364258,4,264,,
8.964186668395996,4,265,,
7.6101484298706055,4,266,,
7.976022243499756,4,267,,
9.234889030456543,4,268,,
8.804306030273438,4,269,,
8.618087768554688,4,270,,
8.41963005065918,4,271,,
7.824021339416504,4,272,,
8.900106430053711,4,273,,
8.824014663696289,4,274,,
8.736920356750488,4,275,,
7.512604713439941,4,276,,
9.075895309448242,4,277,,
8.192611694335938,4,278,,
7.001519203186035,4,279,,
8.792953491210938,4,280,,
8.309822082519531,4,281,,
8.335564613342285,4,282,,
8.195629119873047,4,283,,
7.923169136047363,4,284,,
8.780472755432129,4,285,,
7.951040744781494,4,286,,
8.269807815551758,4,287,,
9.106958389282227,4,288,,
7.391048908233643,4,289,,
9.04957103729248,4,290,,
9.09718132019043,4,291,,
7.408243179321289,4,292,,
7.07985258102417,4,293,,
7.6718268394470215,4,294,,
7.99207067489624,4,295,,
9.361908912658691,4,296,,
8.277976989746094,4,297,,
7.805195331573486,4,298,,
9.399969100952148,4,299,,
8.85080623626709,4,300,,
7.778735160827637,4,301,,
8.918455123901367,4,302,,
8.778336524963379,4,303,,
8.077250480651855,4,304,,
6.41297721862793,4,305,,
9.151148796081543,4,306,,
7.313802242279053,4,307,,
9.535452842712402,4,308,,
8.399871826171875,4,309,,
9.836891174316406,4,310,,
9.302785873413086,4,311,,
8.71826457977295,4,312,,
9.070879936218262,4,313,,
8.698028564453125,4,314,,
,4,314,9.566192626953125,
,4,314,,8.603453636169434
9.704119682312012,5,315,,
8.24032974243164,5,316,,
9.871636390686035,5,317,,
9.621983528137207,5,318,,
7.303684234619141,5,319,,
8.900466918945312,5,320,,
7.858149528503418,5,321,,
8.210700988769531,5,322,,
8.391328811645508,5,323,,
7.466488838195801,5,324,,
9.250576972961426,5,325,,
6.96451473236084,5,326,,
8.212549209594727,5,327,,
6.271629810333252,5,328,,
7.337388515472412,5,329,,
6.421463489532471,5,330,,
6.787315368652344,5,331,,
6.719034671783447,5,332,,
5.951465129852295,5,333,,
7.794149875640869,5,334,,
6.87146520614624,5,335,,
7.210449695587158,5,336,,
7.008394718170166,5,337,,
7.500245094299316,5,338,,
6.599060535430908,5,339,,
6.702608585357666,5,340,,
8.500309944152832,5,341,,
6.634476184844971,5,342,,
8.722763061523438,5,343,,
7.1678466796875,5,344,,
9.048087120056152,5,345,,
8.254663467407227,5,346,,
6.582541465759277,5,347,,
8.860356330871582,5,348,,
6.623701095581055,5,349,,
7.240386962890625,5,350,,
7.519444465637207,5,351,,
7.89873743057251,5,352,,
7.579752445220947,5,353,,
7.470797061920166,5,354,,
8.063901901245117,5,355,,
7.028637886047363,5,356,,
6.622432231903076,5,357,,
7.971213340759277,5,358,,
7.835540771484375,5,359,,
7.89925479888916,5,360,,
8.570209503173828,5,361,,
7.898471832275391,5,362,,
7.928337097167969,5,363,,
8.819403648376465,5,364,,
8.273792266845703,5,365,,
7.607531547546387,5,366,,
7.7733473777771,5,367,,
8.3447265625,5,368,,
7.052158355712891,5,369,,
9.23034954071045,5,370,,
7.127655506134033,5,371,,
9.404086112976074,5,372,,
8.21739387512207,5,373,,
6.437567710876465,5,374,,
7.4553937911987305,5,375,,
6.335513591766357,5,376,,
9.261387825012207,5,377,,
,5,377,7.345172882080078,
,5,377,,7.740843772888184
7.7666449546813965,6,378,,
7.852565288543701,6,379,,
7.264967918395996,6,380,,
7.521174430847168,6,381,,
8.583341598510742,6,382,,
7.748820781707764,6,383,,
6.6745829582214355,6,384,,
8.630276679992676,6,385,,
7.240371227264404,6,386,,
6.202889919281006,6,387,,
7.136613845825195,6,388,,
6.897251605987549,6,389,,
6.809789180755615,6,390,,
7.829868316650391,6,391,,
7.364218235015869,6,392,,
6.39121150970459,6,393,,
6.952315330505371,6,394,,
6.171481609344482,6,395,,
7.230430603027344,6,396,,
6.379294395446777,6,397,,
6.36237096786499,6,398,,
6.5474395751953125,6,399,,
6.273547649383545,6,400,,
6.9470415115356445,6,401,,
8.423047065734863,6,402,,
7.352096080780029,6,403,,
6.623494625091553,6,404,,
5.759678840637207,6,405,,
7.363819599151611,6,406,,
5.727313041687012,6,407,,
7.65757942199707,6,408,,
6.617045879364014,6,409,,
8.44874095916748,6,410,,
6.815079212188721,6,411,,
7.921926975250244,6,412,,
7.528592109680176,6,413,,
6.273694038391113,6,414,,
7.804966449737549,6,415,,
7.642895221710205,6,416,,
7.3533616065979,6,417,,
8.176980018615723,6,418,,
6.223080158233643,6,419,,
8.855629920959473,6,420,,
7.970775127410889,6,421,,
5.8094987869262695,6,422,,
6.914000511169434,6,423,,
6.469404697418213,6,424,,
6.5838847160339355,6,425,,
6.429031848907471,6,426,,
6.945876598358154,6,427,,
5.415705680847168,6,428,,
6.736809253692627,6,429,,
6.6403703689575195,6,430,,
6.339837551116943,6,431,,
5.436474323272705,6,432,,
6.265420436859131,6,433,,
6.443282127380371,6,434,,
5.797848701477051,6,435,,
6.327430248260498,6,436,,
5.835298538208008,6,437,,
5.897224426269531,6,438,,
5.739058017730713,6,439,,
6.2010650634765625,6,440,,
,6,440,5.952476978302002,
,6,440,,6.919124126434326
5.762752056121826,7,441,,
5.449957370758057,7,442,,
6.500965595245361,7,443,,
6.297009468078613,7,444,,
6.120701789855957,7,445,,
6.127405643463135,7,446,,
6.636565685272217,7,447,,
6.630315780639648,7,448,,
6.542285919189453,7,449,,
6.228938579559326,7,450,,
7.325135707855225,7,451,,
5.841026306152344,7,452,,
5.227263450622559,7,453,,
5.997660160064697,7,454,,
5.858622074127197,7,455,,
5.696664333343506,7,456,,
5.814026832580566,7,457,,
4.976727485656738,7,458,,
5.36075496673584,7,459,,
6.070958137512207,7,460,,
6.000618934631348,7,461,,
6.251817226409912,7,462,,
5.311310768127441,7,463,,
6.015685081481934,7,464,,
6.482149124145508,7,465,,
5.745794296264648,7,466,,
5.716214656829834,7,467,,
6.098439693450928,7,468,,
6.392386436462402,7,469,,
5.003539562225342,7,470,,
5.42917013168335,7,471,,
6.561523914337158,7,472,,
5.835817337036133,7,473,,
6.160029888153076,7,474,,
6.786645889282227,7,475,,
6.67962646484375,7,476,,
6.3199334144592285,7,477,,
6.477305889129639,7,478,,
6.302646636962891,7,479,,
5.664180278778076,7,480,,
6.22089147567749,7,481,,
6.218687534332275,7,482,,
6.162777900695801,7,483,,
6.837890625,7,484,,
5.9273200035095215,7,485,,
5.830747604370117,7,486,,
6.198801517486572,7,487,,
5.466357707977295,7,488,,
5.382290363311768,7,489,,
5.457794666290283,7,490,,
5.360813140869141,7,491,,
5.801913738250732,7,492,,
6.4174885749816895,7,493,,
7.109058856964111,7,494,,
5.2919440269470215,7,495,,
6.424715042114258,7,496,,
6.308163166046143,7,497,,
5.691483020782471,7,498,,
5.654868125915527,7,499,,
5.888469219207764,7,500,,
6.135838031768799,7,501,,
7.127680778503418,7,502,,
6.148764133453369,7,503,,
,7,503,6.45648193359375,
,7,503,,6.043056011199951
7.160425662994385,8,504,,
6.1049017906188965,8,505,,
7.513689041137695,8,506,,
6.971252918243408,8,507,,
6.32950496673584,8,508,,
7.340914726257324,8,509,,
6.605583667755127,8,510,,
6.297011375427246,8,511,,
7.054365158081055,8,512,,
6.863521575927734,8,513,,
7.168033123016357,8,514,,
6.617739677429199,8,515,,
6.9015960693359375,8,516,,
6.032690048217773,8,517,,
6.263741970062256,8,518,,
6.264430999755859,8,519,,
6.700878143310547,8,520,,
5.718634128570557,8,521,,
5.3966827392578125,8,522,,
7.43338680267334,8,523,,
6.6567559242248535,8,524,,
6.022279262542725,8,525,,
6.548285484313965,8,526,,
6.927608966827393,8,527,,
5.772929668426514,8,528,,
6.7140374183654785,8,529,,
6.2319769859313965,8,530,,
6.478689670562744,8,531,,
5.45790433883667,8,532,,
6.3733954429626465,8,533,,
6.204102516174316,8,534,,
6.244394302368164,8,535,,
6.829897403717041,8,536,,
6.843398571014404,8,537,,
5.933351993560791,8,538,,
5.899972915649414,8,539,,
6.621233940124512,8,540,,
7.354916095733643,8,541,,
6.67138671875,8,542,,
5.525303363800049,8,543,,
5.635727882385254,8,544,,
5.149949550628662,8,545,,
5.835223197937012,8,546,,
5.390637397766113,8,547,,
6.304524898529053,8,548,,
6.536520957946777,8,549,,
5.762648105621338,8,550,,
5.820493221282959,8,551,,
5.812705993652344,8,552,,
5.138638019561768,8,553,,
5.391231060028076,8,554,,
4.903124809265137,8,555,,
5.052671909332275,8,556,,
5.284234046936035,8,557,,
5.5078277587890625,8,558,,
5.10203218460083,8,559,,
5.072504997253418,8,560,,
4.675267219543457,8,561,,
5.4787445068359375,8,562,,
5.3333539962768555,8,563,,
6.622215270996094,8,564,,
5.719409465789795,8,565,,
6.200931549072266,8,566,,
,8,566,6.070155143737793,
,8,566,,6.154895782470703
6.084612846374512,9,567,,
4.948256492614746,9,568,,
5.7774858474731445,9,569,,
6.044223308563232,9,570,,
6.771674633026123,9,571,,
5.141257286071777,9,572,,
6.526460647583008,9,573,,
7.266423225402832,9,574,,
6.156888961791992,9,575,,
6.3989691734313965,9,576,,
5.873476505279541,9,577,,
5.2976603507995605,9,578,,
5.182430267333984,9,579,,
6.035244941711426,9,580,,
5.510403156280518,9,581,,
5.714284420013428,9,582,,
5.847296237945557,9,583,,
5.885131359100342,9,584,,
5.748134613037109,9,585,,
5.42967414855957,9,586,,
6.013915538787842,9,587,,
5.5318732261657715,9,588,,
5.491097450256348,9,589,,
5.948857307434082,9,590,,
5.702860355377197,9,591,,
6.153273105621338,9,592,,
5.968777179718018,9,593,,
5.517313480377197,9,594,,
6.23994255065918,9,595,,
7.10014009475708,9,596,,
6.449054718017578,9,597,,
5.0543928146362305,9,598,,
5.573074817657471,9,599,,
6.3560919761657715,9,600,,
5.7699360847473145,9,601,,
5.264081954956055,9,602,,
5.405777931213379,9,603,,
5.538191795349121,9,604,,
5.777958869934082,9,605,,
5.5675435066223145,9,606,,
5.120899677276611,9,607,,
6.596073627471924,9,608,,
5.738475322723389,9,609,,
5.883974552154541,9,610,,
5.9913129806518555,9,611,,
5.641613006591797,9,612,,
5.316676139831543,9,613,,
5.322931289672852,9,614,,
5.9350905418396,9,615,,
5.559268474578857,9,616,,
5.575308322906494,9,617,,
5.676176071166992,9,618,,
5.461007118225098,9,619,,
5.4945783615112305,9,620,,
6.296920299530029,9,621,,
4.540228843688965,9,622,,
5.678394794464111,9,623,,
5.197795391082764,9,624,,
5.320192813873291,9,625,,
4.6416239738464355,9,626,,
5.062762260437012,9,627,,
5.06893253326416,9,628,,
5.935719013214111,9,629,,
,9,629,5.385776996612549,
,9,629,,5.730437278747559
5.08565616607666,10,630,,
5.519975662231445,10,631,,
5.323436260223389,10,632,,
5.012823581695557,10,633,,
5.677609443664551,10,634,,
4.783915042877197,10,635,,
4.889618873596191,10,636,,
5.141172885894775,10,637,,
5.708235263824463,10,638,,
6.189376354217529,10,639,,
5.756820201873779,10,640,,
6.13010311126709,10,641,,
5.712520599365234,10,642,,
5.191246032714844,10,643,,
6.373267650604248,10,644,,
6.060494422912598,10,645,,
6.6404032707214355,10,646,,
6.489401817321777,10,647,,
6.569463729858398,10,648,,
6.596932888031006,10,649,,
5.703380584716797,10,650,,
5.843210220336914,10,651,,
6.748394966125488,10,652,,
6.088963508605957,10,653,,
5.9408979415893555,10,654,,
5.858645439147949,10,655,,
5.998233318328857,10,656,,
4.834767818450928,10,657,,
5.534855842590332,10,658,,
6.472038269042969,10,659,,
5.617411136627197,10,660,,
6.114610195159912,10,661,,
5.606054306030273,10,662,,
5.729515075683594,10,663,,
4.977911949157715,10,664,,
5.010675430297852,10,665,,
5.474560260772705,10,666,,
5.83678674697876,10,667,,
6.098820209503174,10,668,,
5.96679162979126,10,669,,
5.151430130004883,10,670,,
5.556178569793701,10,671,,
6.010837554931641,10,672,,
6.021397590637207,10,673,,
5.966726303100586,10,674,,
4.593477249145508,10,675,,
6.182512283325195,10,676,,
5.68410062789917,10,677,,
5.269922256469727,10,678,,
6.143287658691406,10,679,,
5.364930152893066,10,680,,
5.3929033279418945,10,681,,
5.543621063232422,10,682,,
6.217318534851074,10,683,,
4.41369104385376,10,684,,
6.069912910461426,10,685,,
4.74772834777832,10,686,,
5.433446884155273,10,687,,
5.717752456665039,10,688,,
5.076076984405518,10,689,,
5.340513706207275,10,690,,
5.14741325378418,10,691,,
5.9169535636901855,10,692,,
,10,692,5.068646430969238,
,10,692,,5.669001579284668
5.286689281463623,11,693,,
5.8081865310668945,11,694,,
5.869177341461182,11,695,,
4.937330722808838,11,696,,
5.332292556762695,11,697,,
5.852642059326172,11,698,,
5.544941425323486,11,699,,
6.2910871505737305,11,700,,
6.419247627258301,11,701,,
5.531971454620361,11,702,,
5.300348281860352,11,703,,
6.589051246643066,11,704,,
6.179576873779297,11,705,,
4.842992305755615,11,706,,
6.433864116668701,11,707,,
4.708789348602295,11,708,,
5.240222454071045,11,709,,
5.464208126068115,11,710,,
5.324116230010986,11,711,,
5.579864025115967,11,712,,
5.526078701019287,11,713,,
5.416823387145996,11,714,,
5.2295989990234375,11,715,,
5.352462291717529,11,716,,
5.870923042297363,11,717,,
5.383430480957031,11,718,,
5.055568695068359,11,719,,
5.574265956878662,11,720,,
4.861011028289795,11,721,,
4.387551307678223,11,722,,
5.013542652130127,11,723,,
4.799905776977539,11,724,,
5.6658782958984375,11,725,,
5.48728084564209,11,726,,
4.6840500831604,11,727,,
5.626829147338867,11,728,,
5.454986572265625,11,729,,
4.8422160148620605,11,730,,
4.882775783538818,11,731,,
5.07949686050415,11,732,,
5.604400634765625,11,733,,
5.441000461578369,11,734,,
5.151686668395996,11,735,,
5.1338300704956055,11,736,,
4.696131706237793,11,737,,
4.486143112182617,11,738,,
5.452517032623291,11,739,,
4.388451099395752,11,740,,
5.427948951721191,11,741,,
4.834362983703613,11,742,,
5.556121349334717,11,743,,
4.804437160491943,11,744,,
5.114900588989258,11,745,,
4.806400775909424,11,746,,
5.313166618347168,11,747,,
4.927936553955078,11,748,,
5.178097248077393,11,749,,
4.4029316902160645,11,750,,
4.835081577301025,11,751,,
4.711470603942871,11,752,,
5.2900519371032715,11,753,,
5.2304792404174805,11,754,,
6.162775993347168,11,755,,
,11,755,4.743951320648193,
,11,755,,5.289603233337402
4.457335948944092,12,756,,
5.364038467407227,12,757,,
5.3598198890686035,12,758,,
5.063503742218018,12,759,,
5.154303073883057,12,760,,
4.789880275726318,12,761,,
4.9888811111450195,12,762,,
6.14753532409668,12,763,,
4.786286354064941,12,764,,
6.440713405609131,12,765,,
5.538112163543701,12,766,,
4.495602607727051,12,767,,
5.174030303955078,12,768,,
5.041848659515381,12,769,,
5.060676097869873,12,770,,
5.128467082977295,12,771,,
5.253457069396973,12,772,,
5.709169864654541,12,773,,
5.304717063903809,12,774,,
5.055749893188477,12,775,,
5.060189723968506,12,776,,
4.911502838134766,12,777,,
5.460643768310547,12,778,,
4.676204681396484,12,779,,
5.505590915679932,12,780,,
5.185509204864502,12,781,,
5.012227535247803,12,782,,
4.7099928855896,12,783,,
4.534334659576416,12,784,,
5.040001392364502,12,785,,
5.425164222717285,12,786,,
4.852989673614502,12,787,,
4.748986721038818,12,788,,
4.96580171585083,12,789,,
5.016519546508789,12,790,,
5.189863681793213,12,791,,
5.176024436950684,12,792,,
4.943619251251221,12,793,,
5.124204158782959,12,794,,
4.703433513641357,12,795,,
5.160894393920898,12,796,,
4.9617085456848145,12,797,,
4.800718307495117,12,798,,
4.627663612365723,12,799,,
5.282848834991455,12,800,,
4.687926292419434,12,801,,
5.55894136428833,12,802,,
4.353331565856934,12,803,,
4.510629653930664,12,804,,
5.130037307739258,12,805,,
4.683703422546387,12,806,,
5.382894515991211,12,807,,
4.789149284362793,12,808,,
5.334902286529541,12,809,,
5.004060745239258,12,810,,
5.502352237701416,12,811,,
5.7565107345581055,12,812,,
5.120816707611084,12,813,,
5.201966285705566,12,814,,
4.588029384613037,12,815,,
5.240016937255859,12,816,,
4.850864887237549,12,817,,
5.171787261962891,12,818,,
,12,818,4.7834882736206055,
,12,818,,5.082763671875
4.3884196281433105,13,819,,
5.162976264953613,13,820,,
5.088871002197266,13,821,,
4.3905558586120605,13,822,,
4.705146312713623,13,823,,
4.684024333953857,13,824,,
4.71642541885376,13,825,,
4.761532306671143,13,826,,
4.850653648376465,13,827,,
4.298530578613281,13,828,,
4.45905065536499,13,829,,
4.690869331359863,13,830,,
4.742084503173828,13,831,,
4.9892191886901855,13,832,,
4.693549156188965,13,833,,
4.986348628997803,13,834,,
4.704021453857422,13,835,,
4.823391914367676,13,836,,
4.967955589294434,13,837,,
5.007245063781738,13,838,,
5.913240909576416,13,839,,
4.924989223480225,13,840,,
4.775089263916016,13,841,,
5.166823863983154,13,842,,
5.199530601501465,13,843,,
5.934963703155518,13,844,,
5.161189079284668,13,845,,
5.126204490661621,13,846,,
4.7929158210754395,13,847,,
5.58259391784668,13,848,,
5.1472392082214355,13,849,,
5.431150436401367,13,850,,
5.534207820892334,13,851,,
4.884673595428467,13,852,,
5.386565685272217,13,853,,
5.439675807952881,13,854,,
5.256084442138672,13,855,,
4.332817077636719,13,856,,
4.8011064529418945,13,857,,
4.602087020874023,13,858,,
4.478838920593262,13,859,,
4.613386631011963,13,860,,
5.644949913024902,13,861,,
4.69474983215332,13,862,,
5.167389392852783,13,863,,
4.625533103942871,13,864,,
5.358283996582031,13,865,,
5.552373886108398,13,866,,
5.058881759643555,13,867,,
5.07258415222168,13,868,,
4.891154766082764,13,869,,
4.533874988555908,13,870,,
4.903352737426758,13,871,,
5.6341962814331055,13,872,,
4.554901123046875,13,873,,
4.727592468261719,13,874,,
4.586785316467285,13,875,,
5.619190216064453,13,876,,
5.053255558013916,13,877,,
5.1052656173706055,13,878,,
4.737407207489014,13,879,,
4.567432880401611,13,880,,
4.613603591918945,13,881,,
,13,881,4.594615459442139,
,13,881,,4.959876537322998
4.754169464111328,14,882,,
4.645345211029053,14,883,,
4.512390613555908,14,884,,
4.648500442504883,14,885,,
4.79579496383667,14,886,,
4.5886664390563965,14,887,,
6.03233003616333,14,888,,
5.7962236404418945,14,889,,
4.988174915313721,14,890,,
6.507099628448486,14,891,,
5.677885055541992,14,892,,
5.198002338409424,14,893,,
5.833769798278809,14,894,,
6.127989292144775,14,895,,
5.801266193389893,14,896,,
4.599596977233887,14,897,,
5.677819728851318,14,898,,
5.347904205322266,14,899,,
5.192881107330322,14,900,,
5.063399314880371,14,901,,
4.952683448791504,14,902,,
5.568511486053467,14,903,,
5.367906093597412,14,904,,
5.13928747177124,14,905,,
5.652681827545166,14,906,,
4.860153675079346,14,907,,
4.9741034507751465,14,908,,
4.978092193603516,14,909,,
6.023555755615234,14,910,,
5.041252136230469,14,911,,
5.8084540367126465,14,912,,
6.060390949249268,14,913,,
4.075987815856934,14,914,,
5.969210624694824,14,915,,
5.037559509277344,14,916,,
6.272189140319824,14,917,,
5.588429927825928,14,918,,
4.702881813049316,14,919,,
4.947978496551514,14,920,,
4.836975574493408,14,921,,
5.7447919845581055,14,922,,
5.10955810546875,14,923,,
5.819656848907471,14,924,,
6.406569480895996,14,925,,
5.676794052124023,14,926,,
5.650678634643555,14,927,,
5.070691108703613,14,928,,
5.379695415496826,14,929,,
4.915615081787109,14,930,,
4.752549171447754,14,931,,
5.760737895965576,14,932,,
4.656272888183594,14,933,,
4.738716125488281,14,934,,
4.7933526039123535,14,935,,
4.687974452972412,14,936,,
4.26973819732666,14,937,,
4.639157295227051,14,938,,
4.491497039794922,14,939,,
4.768670082092285,14,940,,
4.563256740570068,14,941,,
5.352731704711914,14,942,,
5.223762035369873,14,943,,
4.702342987060547,14,944,,
,14,944,5.048121929168701,
,14,944,,5.223538398742676
4.790354251861572,15,945,,
5.45261812210083,15,946,,
4.440784454345703,15,947,,
5.2497687339782715,15,948,,
5.233611106872559,15,949,,
4.900553226470947,15,950,,
5.314888000488281,15,951,,
5.399381637573242,15,952,,
5.379068851470947,15,953,,
5.412644863128662,15,954,,
5.934132099151611,15,955,,
6.001433372497559,15,956,,
5.448832035064697,15,957,,
5.2954583168029785,15,958,,
5.2990803718566895,15,959,,
5.19788122177124,15,960,,
4.606207370758057,15,961,,
4.8288445472717285,15,962,,
4.693415641784668,15,963,,
4.336781978607178,15,964,,
4.70001220703125,15,965,,
4.478494644165039,15,966,,
3.91767954826355,15,967,,
4.893589496612549,15,968,,
4.621474742889404,15,969,,
4.988601207733154,15,970,,
6.083566188812256,15,971,,
4.8959832191467285,15,972,,
5.467155456542969,15,973,,
5.708787441253662,15,974,,
4.940130710601807,15,975,,
4.9757981300354,15,976,,
5.288604259490967,15,977,,
4.9905781745910645,15,978,,
5.260436534881592,15,979,,
5.064195156097412,15,980,,
5.6143107414245605,15,981,,
6.700498104095459,15,982,,
5.236699104309082,15,983,,
5.5347137451171875,15,984,,
5.659432888031006,15,985,,
5.765166282653809,15,986,,
5.210351467132568,15,987,,
4.957396507263184,15,988,,
6.076143264770508,15,989,,
5.0246500968933105,15,990,,
6.136105060577393,15,991,,
5.817469596862793,15,992,,
4.2033305168151855,15,993,,
6.65869665145874,15,994,,
7.129725933074951,15,995,,
5.028881549835205,15,996,,
6.47659969329834,15,997,,
6.060141086578369,15,998,,
5.010439395904541,15,999,,
6.360997676849365,15,1000,,
5.360500335693359,15,1001,,
5.821353435516357,15,1002,,
5.9384894371032715,15,1003,,
5.483707904815674,15,1004,,
5.4663238525390625,15,1005,,
5.929457187652588,15,1006,,
4.287657260894775,15,1007,,
,15,1007,4.737375259399414,
,15,1007,,5.348739147186279
4.966866970062256,16,1008,,
5.206647872924805,16,1009,,
4.4572553634643555,16,1010,,
4.849074840545654,16,1011,,
4.743093967437744,16,1012,,
5.1266584396362305,16,1013,,
4.611486434936523,16,1014,,
4.160142421722412,16,1015,,
4.935816287994385,16,1016,,
4.753876209259033,16,1017,,
4.00526237487793,16,1018,,
4.7850236892700195,16,1019,,
5.4537739753723145,16,1020,,
4.5559401512146,16,1021,,
5.149532318115234,16,1022,,
4.911074161529541,16,1023,,
4.6880292892456055,16,1024,,
4.488897323608398,16,1025,,
4.672821998596191,16,1026,,
4.859957695007324,16,1027,,
4.675844192504883,16,1028,,
4.253553867340088,16,1029,,
4.632307052612305,16,1030,,
4.676782608032227,16,1031,,
4.941767692565918,16,1032,,
4.279666900634766,16,1033,,
5.253536224365234,16,1034,,
4.506035327911377,16,1035,,
5.021490097045898,16,1036,,
4.715522289276123,16,1037,,
5.075107574462891,16,1038,,
5.606975555419922,16,1039,,
5.048595428466797,16,1040,,
4.895505428314209,16,1041,,
5.499094486236572,16,1042,,
4.808346748352051,16,1043,,
6.002392292022705,16,1044,,
5.5181379318237305,16,1045,,
5.1970062255859375,16,1046,,
5.9439826011657715,16,1047,,
5.03574800491333,16,1048,,
5.177852630615234,16,1049,,
4.7931623458862305,16,1050,,
5.438472747802734,16,1051,,
5.386623859405518,16,1052,,
4.108127593994141,16,1053,,
5.86687707901001,16,1054,,
5.830541133880615,16,1055,,
4.612442493438721,16,1056,,
6.889011383056641,16,1057,,
4.683595657348633,16,1058,,
6.6770782470703125,16,1059,,
5.463740348815918,16,1060,,
5.0740132331848145,16,1061,,
5.930905818939209,16,1062,,
4.717578887939453,16,1063,,
5.589735507965088,16,1064,,
6.6467671394348145,16,1065,,
5.241649627685547,16,1066,,
4.583596229553223,16,1067,,
4.806493282318115,16,1068,,
4.797600269317627,16,1069,,
4.865991115570068,16,1070,,
,16,1070,4.895069122314453,
,16,1070,,5.051480293273926
5.022207736968994,17,1071,,
5.17120361328125,17,1072,,
5.486886978149414,17,1073,,
4.679941177368164,17,1074,,
5.585179328918457,17,1075,,
5.370107173919678,17,1076,,
4.341958999633789,17,1077,,
5.088565826416016,17,1078,,
4.676380157470703,17,1079,,
4.678451061248779,17,1080,,
4.845133304595947,17,1081,,
5.475495338439941,17,1082,,
3.8957924842834473,17,1083,,
4.682304382324219,17,1084,,
4.651821613311768,17,1085,,
4.269268035888672,17,1086,,
5.0325493812561035,17,1087,,
5.571716785430908,17,1088,,
4.589348793029785,17,1089,,
4.380695819854736,17,1090,,
4.898689270019531,17,1091,,
5.168288707733154,17,1092,,
5.0264892578125,17,1093,,
4.659473419189453,17,1094,,
4.767295837402344,17,1095,,
4.675022125244141,17,1096,,
4.292496681213379,17,1097,,
5.2304487228393555,17,1098,,
4.34171724319458,17,1099,,
5.184869289398193,17,1100,,
4.64486837387085,17,1101,,
4.602921009063721,17,1102,,
5.344348907470703,17,1103,,
3.7713401317596436,17,1104,,
4.869604587554932,17,1105,,
4.705495834350586,17,1106,,
4.693638801574707,17,1107,,
4.22860860824585,17,1108,,
4.467991828918457,17,1109,,
4.525279998779297,17,1110,,
4.553408622741699,17,1111,,
4.999642372131348,17,1112,,
4.811901569366455,17,1113,,
5.081335067749023,17,1114,,
4.665421009063721,17,1115,,
4.673797130584717,17,1116,,
4.244839191436768,17,1117,,
4.917979717254639,17,1118,,
4.865512847900391,17,1119,,
5.3418049812316895,17,1120,,
4.955523490905762,17,1121,,
4.647672653198242,17,1122,,
5.0011162757873535,17,1123,,
5.569622039794922,17,1124,,
4.462286472320557,17,1125,,
5.186787128448486,17,1126,,
5.513263702392578,17,1127,,
5.111606121063232,17,1128,,
5.123501300811768,17,1129,,
4.802769660949707,17,1130,,
4.617763042449951,17,1131,,
4.228151321411133,17,1132,,
4.2723612785339355,17,1133,,
,17,1133,4.720939636230469,
,17,1133,,4.817692756652832
5.267097473144531,18,1134,,
5.0434956550598145,18,1135,,
4.218253135681152,18,1136,,
5.147789001464844,18,1137,,
4.817934513092041,18,1138,,
4.918338298797607,18,1139,,
4.916634559631348,18,1140,,
5.093603610992432,18,1141,,
4.573021411895752,18,1142,,
4.807254791259766,18,1143,,
4.271000385284424,18,1144,,
4.3216142654418945,18,1145,,
5.021668910980225,18,1146,,
4.182129859924316,18,1147,,
3.6106011867523193,18,1148,,
5.011496067047119,18,1149,,
5.107738971710205,18,1150,,
3.9423115253448486,18,1151,,
4.239581108093262,18,1152,,
4.6033196449279785,18,1153,,
4.1263628005981445,18,1154,,
4.563024997711182,18,1155,,
4.264723777770996,18,1156,,
5.129520893096924,18,1157,,
5.081111907958984,18,1158,,
4.507292747497559,18,1159,,
4.305991172790527,18,1160,,
4.474348545074463,18,1161,,
4.782419204711914,18,1162,,
4.245123863220215,18,1163,,
4.697691440582275,18,1164,,
4.4561944007873535,18,1165,,
4.10843563079834,18,1166,,
4.377858638763428,18,1167,,
4.222017765045166,18,1168,,
4.0514702796936035,18,1169,,
4.364955425262451,18,1170,,
4.881985664367676,18,1171,,
4.162117958068848,18,1172,,
4.510653972625732,18,1173,,
4.22315788269043,18,1174,,
4.125808238983154,18,1175,,
4.207546234130859,18,1176,,
5.29172420501709,18,1177,,
3.93265438079834,18,1178,,
4.344622611999512,18,1179,,
4.102944374084473,18,1180,,
4.263672351837158,18,1181,,
4.277066707611084,18,1182,,
3.9771411418914795,18,1183,,
4.032279014587402,18,1184,,
4.233733654022217,18,1185,,
4.54669713973999,18,1186,,
4.326045513153076,18,1187,,
4.788237571716309,18,1188,,
5.151019096374512,18,1189,,
4.440698623657227,18,1190,,
5.143302917480469,18,1191,,
5.207489490509033,18,1192,,
4.950526714324951,18,1193,,
4.492456436157227,18,1194,,
4.69150972366333,18,1195,,
4.888209819793701,18,1196,,
,18,1196,4.234966278076172,
,18,1196,,4.537961959838867
4.250354766845703,19,1197,,
4.518134117126465,19,1198,,
3.9188878536224365,19,1199,,
4.757184028625488,19,1200,,
4.231075286865234,19,1201,,
4.632678985595703,19,1202,,
4.1294121742248535,19,1203,,
4.378912448883057,19,1204,,
4.165542125701904,19,1205,,
4.728405475616455,19,1206,,
4.91476583480835,19,1207,,
4.354232311248779,19,1208,,
4.678824424743652,19,1209,,
5.018047332763672,19,1210,,
4.049205780029297,19,1211,,
4.130670070648193,19,1212,,
3.822171449661255,19,1213,,
4.2201995849609375,19,1214,,
3.8908586502075195,19,1215,,
4.249598026275635,19,1216,,
4.779221057891846,19,1217,,
4.688283443450928,19,1218,,
5.000621795654297,19,1219,,
4.194244384765625,19,1220,,
4.6987409591674805,19,1221,,
5.199911594390869,19,1222,,
4.995185375213623,19,1223,,
3.767263174057007,19,1224,,
4.455349922180176,19,1225,,
4.124757289886475,19,1226,,
3.9152989387512207,19,1227,,
4.47376823425293,19,1228,,
4.405805587768555,19,1229,,
4.436086177825928,19,1230,,
4.57030725479126,19,1231,,
4.4897685050964355,19,1232,,
4.714719295501709,19,1233,,
4.063133716583252,19,1234,,
4.8156256675720215,19,1235,,
4.198724269866943,19,1236,,
5.706092357635498,19,1237,,
4.382630348205566,19,1238,,
5.113243103027344,19,1239,,
4.969574928283691,19,1240,,
4.372098445892334,19,1241,,
4.846581935882568,19,1242,,
4.121110439300537,19,1243,,
4.9958319664001465,19,1244,,
4.481681823730469,19,1245,,
4.385343074798584,19,1246,,
4.239366054534912,19,1247,,
4.828313827514648,19,1248,,
4.907561302185059,19,1249,,
4.705998420715332,19,1250,,
5.160833358764648,19,1251,,
3.8288540840148926,19,1252,,
4.836104393005371,19,1253,,
4.614962100982666,19,1254,,
4.125386714935303,19,1255,,
4.370940208435059,19,1256,,
4.600517272949219,19,1257,,
5.432960510253906,19,1258,,
3.8852388858795166,19,1259,,
,19,1259,4.857623100280762,
,19,1259,,4.511913299560547
4.670894622802734,20,1260,,
4.793560028076172,20,1261,,
4.373604774475098,20,1262,,
5.292328834533691,20,1263,,
4.975612640380859,20,1264,,
5.126088619232178,20,1265,,
4.075887680053711,20,1266,,
4.155940055847168,20,1267,,
4.777585029602051,20,1268,,
4.168228626251221,20,1269,,
4.368173122406006,20,1270,,
4.508245944976807,20,1271,,
4.331221580505371,20,1272,,
4.23012113571167,20,1273,,
4.963845252990723,20,1274,,
4.373532295227051,20,1275,,
4.744906902313232,20,1276,,
4.808309555053711,20,1277,,
4.094339370727539,20,1278,,
4.542459964752197,20,1279,,
3.9389171600341797,20,1280,,
5.232359409332275,20,1281,,
3.650916576385498,20,1282,,
4.099653720855713,20,1283,,
4.440587043762207,20,1284,,
3.990643262863159,20,1285,,
4.319326877593994,20,1286,,
4.472752571105957,20,1287,,
4.246542930603027,20,1288,,
4.185726642608643,20,1289,,
5.518279075622559,20,1290,,
4.854487895965576,20,1291,,
4.292128562927246,20,1292,,
4.604689121246338,20,1293,,
4.712833404541016,20,1294,,
3.976072072982788,20,1295,,
5.159608364105225,20,1296,,
4.538395404815674,20,1297,,
4.060936450958252,20,1298,,
4.912857532501221,20,1299,,
4.598552703857422,20,1300,,
4.356742858886719,20,1301,,
4.308551788330078,20,1302,,
4.858848571777344,20,1303,,
4.359607696533203,20,1304,,
4.780844688415527,20,1305,,
4.967533588409424,20,1306,,
4.30204963684082,20,1307,,
5.535268783569336,20,1308,,
5.163754940032959,20,1309,,
4.998495578765869,20,1310,,
5.2105255126953125,20,1311,,
4.574311256408691,20,1312,,
3.991788148880005,20,1313,,
5.029573917388916,20,1314,,
4.185923099517822,20,1315,,
4.189749240875244,20,1316,,
4.941174507141113,20,1317,,
4.215134143829346,20,1318,,
4.298483848571777,20,1319,,
4.356301784515381,20,1320,,
5.117397785186768,20,1321,,
5.118154048919678,20,1322,,
,20,1322,4.149311065673828,
,20,1322,,4.567717552185059
4.096504211425781,21,1323,,
3.6363422870635986,21,1324,,
4.773014545440674,21,1325,,
4.136007785797119,21,1326,,
4.893486499786377,21,1327,,
4.510501384735107,21,1328,,
4.2009453773498535,21,1329,,
4.385725021362305,21,1330,,
4.097147464752197,21,1331,,
3.9785735607147217,21,1332,,
4.646903991699219,21,1333,,
4.26634407043457,21,1334,,
4.456892013549805,21,1335,,
4.322936534881592,21,1336,,
4.531918525695801,21,1337,,
4.18916654586792,21,1338,,
4.0587029457092285,21,1339,,
4.222870826721191,21,1340,,
4.506830215454102,21,1341,,
4.3278069496154785,21,1342,,
4.301077842712402,21,1343,,
4.0542449951171875,21,1344,,
3.9503097534179688,21,1345,,
3.7835168838500977,21,1346,,
4.417335510253906,21,1347,,
4.007875919342041,21,1348,,
5.325970649719238,21,1349,,
5.6732330322265625,21,1350,,
4.281500339508057,21,1351,,
5.547438144683838,21,1352,,
5.215240478515625,21,1353,,
4.782719612121582,21,1354,,
4.721865177154541,21,1355,,
4.938504695892334,21,1356,,
4.299477577209473,21,1357,,
4.906397342681885,21,1358,,
5.099999904632568,21,1359,,
4.0613298416137695,21,1360,,
5.053607940673828,21,1361,,
5.6914167404174805,21,1362,,
4.365829944610596,21,1363,,
4.374881744384766,21,1364,,
4.831451416015625,21,1365,,
4.565305709838867,21,1366,,
5.009014129638672,21,1367,,
4.229321002960205,21,1368,,
4.409148216247559,21,1369,,
4.718257427215576,21,1370,,
4.174450874328613,21,1371,,
4.696829795837402,21,1372,,
5.38485860824585,21,1373,,
4.178585529327393,21,1374,,
4.685055255889893,21,1375,,
5.604656219482422,21,1376,,
4.824380874633789,21,1377,,
4.116884231567383,21,1378,,
5.8420000076293945,21,1379,,
5.806628227233887,21,1380,,
5.457695960998535,21,1381,,
4.3477702140808105,21,1382,,
5.297301769256592,21,1383,,
5.539650917053223,21,1384,,
5.7228593826293945,21,1385,,
,21,1385,4.840696811676025,
,21,1385,,4.634769916534424
5.138886451721191,22,1386,,
4.534409046173096,22,1387,,
5.314854621887207,22,1388,,
5.131969451904297,22,1389,,
4.185571193695068,22,1390,,
4.401752948760986,22,1391,,
5.166033744812012,22,1392,,
5.31842041015625,22,1393,,
3.9719126224517822,22,1394,,
4.947325706481934,22,1395,,
5.5413432121276855,22,1396,,
5.315747261047363,22,1397,,
4.563423156738281,22,1398,,
4.317129135131836,22,1399,,
5.330542087554932,22,1400,,
4.093804836273193,22,1401,,
4.09419059753418,22,1402,,
4.575156211853027,22,1403,,
5.000698566436768,22,1404,,
4.302639007568359,22,1405,,
3.641024112701416,22,1406,,
4.689336776733398,22,1407,,
5.447665214538574,22,1408,,
4.5398759841918945,22,1409,,
4.214755535125732,22,1410,,
4.706885814666748,22,1411,,
5.713982105255127,22,1412,,
5.273558139801025,22,1413,,
4.329583168029785,22,1414,,
4.3453874588012695,22,1415,,
5.322081089019775,22,1416,,
5.671679496765137,22,1417,,
4.299656867980957,22,1418,,
4.331854343414307,22,1419,,
5.147972583770752,22,1420,,
5.00074577331543,22,1421,,
4.492363929748535,22,1422,,
4.734854698181152,22,1423,,
5.4416022300720215,22,1424,,
4.664603233337402,22,1425,,
4.045997619628906,22,1426,,
4.279038906097412,22,1427,,
4.72022819519043,22,1428,,
5.105127334594727,22,1429,,
4.119150638580322,22,1430,,
4.614912986755371,22,1431,,
4.885225296020508,22,1432,,
4.9718475341796875,22,1433,,
4.544549942016602,22,1434,,
4.606184959411621,22,1435,,
5.154781818389893,22,1436,,
5.209486484527588,22,1437,,
4.355230331420898,22,1438,,
5.190310478210449,22,1439,,
5.808363437652588,22,1440,,
6.250609397888184,22,1441,,
4.998895168304443,22,1442,,
4.675201416015625,22,1443,,
4.820071697235107,22,1444,,
5.230391979217529,22,1445,,
4.725244522094727,22,1446,,
4.756407260894775,22,1447,,
5.024557113647461,22,1448,,
,22,1448,4.585824012756348,
,22,1448,,4.813356876373291
4.997687339782715,23,1449,,
5.849582195281982,23,1450,,
4.887807846069336,23,1451,,
4.189270973205566,23,1452,,
4.40794563293457,23,1453,,
4.654346942901611,23,1454,,
4.137062072753906,23,1455,,
4.291244983673096,23,1456,,
4.724004745483398,23,1457,,
4.06926155090332,23,1458,,
5.194796085357666,23,1459,,
4.447948932647705,23,1460,,
4.90533447265625,23,1461,,
5.00815486907959,23,1462,,
3.8848934173583984,23,1463,,
5.5524516105651855,23,1464,,
4.6245927810668945,23,1465,,
4.55587100982666,23,1466,,
4.736939430236816,23,1467,,
4.406261920928955,23,1468,,
5.772685527801514,23,1469,,
4.5972137451171875,23,1470,,
5.0828938484191895,23,1471,,
4.925374507904053,23,1472,,
3.661048650741577,23,1473,,
5.039359092712402,23,1474,,
5.002663612365723,23,1475,,
4.529832363128662,23,1476,,
4.506438732147217,23,1477,,
4.412172317504883,23,1478,,
4.7989349365234375,23,1479,,
4.89670467376709,23,1480,,
4.682069301605225,23,1481,,
4.2998270988464355,23,1482,,
4.040720462799072,23,1483,,
4.000328540802002,23,1484,,
3.961662530899048,23,1485,,
3.8242242336273193,23,1486,,
4.274563789367676,23,1487,,
3.8642783164978027,23,1488,,
4.211822986602783,23,1489,,
4.486345291137695,23,1490,,
4.383007526397705,23,1491,,
3.4828357696533203,23,1492,,
4.2215118408203125,23,1493,,
3.878612518310547,23,1494,,
3.7709503173828125,23,1495,,
4.624936580657959,23,1496,,
4.175037384033203,23,1497,,
3.7979583740234375,23,1498,,
4.1424431800842285,23,1499,,
4.60441780090332,23,1500,,
4.171428203582764,23,1501,,
4.8852386474609375,23,1502,,
4.155167102813721,23,1503,,
5.002504825592041,23,1504,,
4.842251777648926,23,1505,,
4.290362358093262,23,1506,,
4.568325042724609,23,1507,,
4.998455047607422,23,1508,,
4.67210054397583,23,1509,,
5.401025295257568,23,1510,,
4.445271015167236,23,1511,,
,23,1511,5.0287299156188965,
,23,1511,,4.523004531860352
4.5967559814453125,24,1512,,
4.849061489105225,24,1513,,
4.461356163024902,24,1514,,
4.941972732543945,24,1515,,
4.725610733032227,24,1516,,
4.833481788635254,24,1517,,
4.431479454040527,24,1518,,
4.294970989227295,24,1519,,
4.60357141494751,24,1520,,
4.627566337585449,24,1521,,
4.582000255584717,24,1522,,
4.695913314819336,24,1523,,
3.826324462890625,24,1524,,
5.086932182312012,24,1525,,
4.880674839019775,24,1526,,
4.9108991622924805,24,1527,,
4.538208961486816,24,1528,,
4.235470771789551,24,1529,,
4.791724681854248,24,1530,,
4.054234504699707,24,1531,,
3.8073041439056396,24,1532,,
4.505108833312988,24,1533,,
4.7382731437683105,24,1534,,
4.52626895904541,24,1535,,
4.327258110046387,24,1536,,
3.4929733276367188,24,1537,,
4.562881946563721,24,1538,,
3.8364429473876953,24,1539,,
4.250661849975586,24,1540,,
4.540460586547852,24,1541,,
4.993695259094238,24,1542,,
4.786933898925781,24,1543,,
4.284244537353516,24,1544,,
4.483553886413574,24,1545,,
4.219080448150635,24,1546,,
3.7118406295776367,24,1547,,
4.082046985626221,24,1548,,
3.935572385787964,24,1549,,
3.9707820415496826,24,1550,,
3.5496368408203125,24,1551,,
4.821918964385986,24,1552,,
4.58780574798584,24,1553,,
3.8133749961853027,24,1554,,
3.746978998184204,24,1555,,
4.4217987060546875,24,1556,,
3.4515254497528076,24,1557,,
4.678189754486084,24,1558,,
4.225722312927246,24,1559,,
4.05670690536499,24,1560,,
4.35827112197876,24,1561,,
3.739434242248535,24,1562,,
3.7964630126953125,24,1563,,
3.8129146099090576,24,1564,,
3.5235702991485596,24,1565,,
3.5513453483581543,24,1566,,
3.713505744934082,24,1567,,
3.8018362522125244,24,1568,,
4.133028984069824,24,1569,,
4.576939105987549,24,1570,,
3.764822483062744,24,1571,,
4.031696796417236,24,1572,,
4.07636022567749,24,1573,,
4.038512229919434,24,1574,,
,24,1574,4.063985347747803,
,24,1574,,4.276427268981934
4.031047344207764,25,1575,,
4.133069038391113,25,1576,,
4.055121898651123,25,1577,,
3.9912049770355225,25,1578,,
3.4003164768218994,25,1579,,
3.949845552444458,25,1580,,
3.486274480819702,25,1581,,
4.244314670562744,25,1582,,
3.7562777996063232,25,1583,,
3.7566568851470947,25,1584,,
3.7263498306274414,25,1585,,
3.5346639156341553,25,1586,,
3.3216562271118164,25,1587,,
3.931973457336426,25,1588,,
3.6155099868774414,25,1589,,
3.3646254539489746,25,1590,,
3.502800941467285,25,1591,,
3.757606267929077,25,1592,,
3.4658753871917725,25,1593,,
3.4729502201080322,25,1594,,
4.02852201461792,25,1595,,
4.093584060668945,25,1596,,
3.66371488571167,25,1597,,
4.086605072021484,25,1598,,
4.095075607299805,25,1599,,
3.9502034187316895,25,1600,,
3.8094892501831055,25,1601,,
4.1370673179626465,25,1602,,
3.8244762420654297,25,1603,,
3.9417593479156494,25,1604,,
4.4868059158325195,25,1605,,
3.5271739959716797,25,1606,,
4.2895283699035645,25,1607,,
4.181591987609863,25,1608,,
4.305372714996338,25,1609,,
3.61454439163208,25,1610,,
4.439431190490723,25,1611,,
3.8949997425079346,25,1612,,
3.582059860229492,25,1613,,
3.7938108444213867,25,1614,,
4.355565547943115,25,1615,,
4.285353183746338,25,1616,,
3.463174819946289,25,1617,,
3.608445882797241,25,1618,,
3.825505256652832,25,1619,,
4.212478160858154,25,1620,,
3.7393834590911865,25,1621,,
3.8873090744018555,25,1622,,
3.5600717067718506,25,1623,,
2.9105753898620605,25,1624,,
3.268691301345825,25,1625,,
3.9557178020477295,25,1626,,
4.186121940612793,25,1627,,
4.155292987823486,25,1628,,
4.631263256072998,25,1629,,
4.077895164489746,25,1630,,
4.661962509155273,25,1631,,
4.726379871368408,25,1632,,
5.675137519836426,25,1633,,
4.593196392059326,25,1634,,
3.999932050704956,25,1635,,
5.131218433380127,25,1636,,
4.982819557189941,25,1637,,
,25,1637,3.9476921558380127,
,25,1637,,3.9623358249664307
4.223199367523193,26,1638,,
4.482442378997803,26,1639,,
4.6451096534729,26,1640,,
6.0839409828186035,26,1641,,
4.48166036605835,26,1642,,
3.6008999347686768,26,1643,,
4.619619369506836,26,1644,,
3.889960765838623,26,1645,,
3.894956588745117,26,1646,,
3.551830530166626,26,1647,,
3.4773757457733154,26,1648,,
4.230281352996826,26,1649,,
3.935835361480713,26,1650,,
3.8540995121002197,26,1651,,
3.730198383331299,26,1652,,
3.5737762451171875,26,1653,,
3.89009165763855,26,1654,,
3.449169635772705,26,1655,,
3.5895023345947266,26,1656,,
3.661552906036377,26,1657,,
3.856954336166382,26,1658,,
3.40981125831604,26,1659,,
4.236619472503662,26,1660,,
3.7224009037017822,26,1661,,
4.394897937774658,26,1662,,
4.310820579528809,26,1663,,
4.610606670379639,26,1664,,
4.783351421356201,26,1665,,
4.236031532287598,26,1666,,
4.540399551391602,26,1667,,
4.59127140045166,26,1668,,
4.784089088439941,26,1669,,
4.072886943817139,26,1670,,
3.8918797969818115,26,1671,,
4.319969177246094,26,1672,,
4.084169387817383,26,1673,,
4.483240127563477,26,1674,,
4.4991865158081055,26,1675,,
3.8910655975341797,26,1676,,
4.702871322631836,26,1677,,
4.584614276885986,26,1678,,
3.6417078971862793,26,1679,,
4.207453727722168,26,1680,,
3.468549966812134,26,1681,,
4.04436731338501,26,1682,,
3.9947094917297363,26,1683,,
4.426445007324219,26,1684,,
4.466556549072266,26,1685,,
3.596703052520752,26,1686,,
4.849447250366211,26,1687,,
4.207601070404053,26,1688,,
4.529609203338623,26,1689,,
4.551419734954834,26,1690,,
4.166670799255371,26,1691,,
4.395847320556641,26,1692,,
5.140127658843994,26,1693,,
4.251502513885498,26,1694,,
4.037837028503418,26,1695,,
4.781957626342773,26,1696,,
4.64054012298584,26,1697,,
4.175112247467041,26,1698,,
4.77278470993042,26,1699,,
4.782887935638428,26,1700,,
,26,1700,4.039224624633789,
,26,1700,,4.217775821685791
3.957984447479248,27,1701,,
5.0077643394470215,27,1702,,
5.060054302215576,27,1703,,
4.473508834838867,27,1704,,
4.286829471588135,27,1705,,
5.162304878234863,27,1706,,
4.34278678894043,27,1707,,
3.712333917617798,27,1708,,
4.559756278991699,27,1709,,
3.887890577316284,27,1710,,
3.83838152885437,27,1711,,
3.7254762649536133,27,1712,,
3.9357857704162598,27,1713,,
3.574738025665283,27,1714,,
3.8448431491851807,27,1715,,
3.73892879486084,27,1716,,
3.7087504863739014,27,1717,,
3.91764760017395,27,1718,,
3.413402557373047,27,1719,,
3.5484912395477295,27,1720,,
4.067906379699707,27,1721,,
4.025295734405518,27,1722,,
4.249591827392578,27,1723,,
4.4538092613220215,27,1724,,
3.7218260765075684,27,1725,,
4.405604362487793,27,1726,,
4.994332790374756,27,1727,,
4.652610778808594,27,1728,,
4.054772853851318,27,1729,,
4.452105522155762,27,1730,,
5.565505504608154,27,1731,,
5.118598461151123,27,1732,,
3.4834487438201904,27,1733,,
4.6765289306640625,27,1734,,
5.436917304992676,27,1735,,
4.741717338562012,27,1736,,
4.358441352844238,27,1737,,
4.341142177581787,27,1738,,
4.364372253417969,27,1739,,
4.915125370025635,27,1740,,
4.162100791931152,27,1741,,
4.0703349113464355,27,1742,,
4.270729064941406,27,1743,,
4.363379001617432,27,1744,,
3.855727434158325,27,1745,,
3.798779010772705,27,1746,,
3.82592511177063,27,1747,,
4.005251407623291,27,1748,,
3.417654275894165,27,1749,,
4.084303379058838,27,1750,,
3.1622884273529053,27,1751,,
3.4982969760894775,27,1752,,
3.398837089538574,27,1753,,
4.174318790435791,27,1754,,
3.2789018154144287,27,1755,,
3.8999500274658203,27,1756,,
4.166153907775879,27,1757,,
3.520153284072876,27,1758,,
3.4586684703826904,27,1759,,
3.236131191253662,27,1760,,
3.2527945041656494,27,1761,,
3.287630081176758,27,1762,,
3.674896240234375,27,1763,,
,27,1763,3.43558669090271,
,27,1763,,4.092848777770996
3.3191559314727783,28,1764,,
3.9885358810424805,28,1765,,
4.376064777374268,28,1766,,
3.4251887798309326,28,1767,,
3.8528881072998047,28,1768,,
3.4633867740631104,28,1769,,
4.008551597595215,28,1770,,
3.40682053565979,28,1771,,
4.937422752380371,28,1772,,
4.046829700469971,28,1773,,
4.145428657531738,28,1774,,
4.517838001251221,28,1775,,
4.185873508453369,28,1776,,
3.973900556564331,28,1777,,
3.603739023208618,28,1778,,
4.061074256896973,28,1779,,
3.757845163345337,28,1780,,
4.285098552703857,28,1781,,
4.720296382904053,28,1782,,
3.8399901390075684,28,1783,,
4.582652568817139,28,1784,,
4.385725498199463,28,1785,,
3.8397645950317383,28,1786,,
4.2910871505737305,28,1787,,
3.8574295043945312,28,1788,,
4.195829391479492,28,1789,,
3.9262993335723877,28,1790,,
3.493262529373169,28,1791,,
4.164539337158203,28,1792,,
3.7258265018463135,28,1793,,
3.316110849380493,28,1794,,
3.937565565109253,28,1795,,
4.185245990753174,28,1796,,
3.706930637359619,28,1797,,
3.4742050170898438,28,1798,,
3.4268507957458496,28,1799,,
3.2284133434295654,28,1800,,
3.8061962127685547,28,1801,,
3.9135825634002686,28,1802,,
3.9305355548858643,28,1803,,
3.407109498977661,28,1804,,
3.8564400672912598,28,1805,,
3.668626546859741,28,1806,,
3.5637199878692627,28,1807,,
3.402794122695923,28,1808,,
3.9711387157440186,28,1809,,
4.1871771812438965,28,1810,,
4.326279640197754,28,1811,,
3.8890833854675293,28,1812,,
3.7408416271209717,28,1813,,
4.139998912811279,28,1814,,
4.644080638885498,28,1815,,
3.8025362491607666,28,1816,,
4.580593585968018,28,1817,,
4.304252624511719,28,1818,,
3.5504000186920166,28,1819,,
4.301846027374268,28,1820,,
4.1504106521606445,28,1821,,
3.2579610347747803,28,1822,,
4.1143035888671875,28,1823,,
4.2782464027404785,28,1824,,
3.6061558723449707,28,1825,,
3.803415536880493,28,1826,,
,28,1826,3.9830121994018555,
,28,1826,,3.935195207595825
3.8253281116485596,29,1827,,
3.2450852394104004,29,1828,,
3.9075093269348145,29,1829,,
3.887429714202881,29,1830,,
3.517814874649048,29,1831,,
3.346496343612671,29,1832,,
3.325921058654785,29,1833,,
3.3473734855651855,29,1834,,
3.784994602203369,29,1835,,
4.056641578674316,29,1836,,
3.0317537784576416,29,1837,,
4.163286209106445,29,1838,,
3.6771702766418457,29,1839,,
4.101377964019775,29,1840,,
4.319696426391602,29,1841,,
4.0110087394714355,29,1842,,
3.9110586643218994,29,1843,,
3.8093035221099854,29,1844,,
3.7954721450805664,29,1845,,
3.9810738563537598,29,1846,,
3.501945734024048,29,1847,,
3.729562282562256,29,1848,,
3.6594157218933105,29,1849,,
3.4892749786376953,29,1850,,
3.531844139099121,29,1851,,
4.277295112609863,29,1852,,
4.180404186248779,29,1853,,
3.408141613006592,29,1854,,
3.2362921237945557,29,1855,,
3.8749165534973145,29,1856,,
3.622515916824341,29,1857,,
3.494719982147217,29,1858,,
4.0878424644470215,29,1859,,
3.768465518951416,29,1860,,
3.711237907409668,29,1861,,
3.7006900310516357,29,1862,,
3.4557695388793945,29,1863,,
3.3056395053863525,29,1864,,
4.136491775512695,29,1865,,
4.0907440185546875,29,1866,,
4.078444480895996,29,1867,,
3.0689311027526855,29,1868,,
4.42681884765625,29,1869,,
4.3893938064575195,29,1870,,
3.789205551147461,29,1871,,
3.960798501968384,29,1872,,
3.9609897136688232,29,1873,,
3.816628932952881,29,1874,,
3.2094948291778564,29,1875,,
3.4564638137817383,29,1876,,
3.8905158042907715,29,1877,,
3.429051160812378,29,1878,,
4.121053695678711,29,1879,,
3.324392318725586,29,1880,,
3.932819366455078,29,1881,,
3.322354793548584,29,1882,,
3.601562976837158,29,1883,,
3.8353829383850098,29,1884,,
3.147080898284912,29,1885,,
4.16743278503418,29,1886,,
3.8839774131774902,29,1887,,
3.260769844055176,29,1888,,
3.8254826068878174,29,1889,,
,29,1889,3.733577251434326,
,29,1889,,3.732724905014038
